id,smiles,s1_ref,t1_ref,t1_s1_ref,s1_cis,t1_cis
1,mol1,1.05,1.18,-0.13,0.0152915776353026,0.0145808119049953
2,mol2,1.61,1.71,-0.0999999999999999,0.040987238438138,0.0358699829706346
3,mol3,2.12,2.14,-0.02,0.0627877767921916,0.0512372914728587
6,mol6,2.75,2.98,-0.23,0.089943718486424,0.0892515169761587
7,mol7,0.9,0.99,-0.09,0.00689707769345915,0.0035229521745741
9,mol9,0.62,0.68,-0.0600000000000001,-0.0111923870877959,-0.0154906146377876
15,mol15,1.56,1.18,0.38,0.0574018926646076,0.0179379099582206
